"","gbb","openness","agreeableness","contact","lang_fam","gender_exp","gender_identity","misgendering"
"1",0,43.9810715401498,41.7901330288,43.2119238112004,0,1,1,0
"2",1,40.0630140890129,46.9274276701136,55.7431273634746,1,0,2,1
"3",0,60.267850560749,40.9790199146054,42.9548547371107,1,1,0,0
"4",1,57.5106130260632,56.2706874311498,44.6601594277006,0,0,1,1
"5",1,34.908334626713,61.2035502842611,57.7438460661766,1,1,2,0
"6",0,49.0485254915071,71.2721355249353,45.243786046612,0,1,0,0
"7",1,41.040521772435,53.6611438293172,49.7557262111315,1,0,0,0
"8",1,29.2924892945804,41.2521862280631,60.1900809628437,1,0,0,0
"9",1,51.5012013118814,60.2447486299323,37.9441960440144,1,0,1,1
"10",0,49.2078829074141,59.0475889369531,65.9529386747203,1,1,0,0
"11",1,49.0263073248692,47.6175130409717,70.41955459993,1,1,2,0
"12",0,52.1615254180123,34.4214509612769,56.1448125004331,0,1,0,1
"13",1,58.8246516439659,57.6130989539391,54.2193117413682,0,1,2,1
"14",1,52.0559750448339,61.2914439564163,45.0357833230677,0,0,1,1
"15",0,43.8356415712647,47.0489216929407,54.9096141282604,1,1,0,0
"16",1,42.6520074807872,55.3624281835803,44.9801783039649,1,0,1,1
"17",0,48.6819720695882,47.2410952524949,52.8816981825162,1,0,1,1
"18",0,53.1001698657895,56.8231524513751,43.1337399175887,0,1,1,0
"19",0,39.6031964729796,48.8270928528515,57.884037860305,0,1,0,0
"20",1,48.1569113115762,46.5532413607994,56.9136884096369,0,0,0,0
"21",1,59.6726726016791,51.1162049819721,62.4299900805133,1,1,1,1
"22",1,48.9171990876551,47.165946850177,69.8220971242917,0,1,1,0
"23",1,43.0157933240561,44.0898283554572,43.5355816538085,1,1,0,0
"24",1,47.2405483157446,46.840630687576,59.6618929222735,1,1,0,1
"25",1,61.1464854536198,49.9184784767446,35.7273255290479,1,0,1,1
"26",1,55.5004396121414,52.0749514071847,45.4251624135198,0,0,0,1
"27",1,62.366758000816,65.3242362162584,59.4546668460846,1,0,1,1
"28",1,51.3909785716177,36.4200216904652,42.6161084963094,1,0,0,1
"29",0,54.1027509649043,48.0038094944706,53.456406998779,1,1,2,1
"30",0,44.4154308765187,56.3152312778083,40.9955530610473,1,1,1,0
"31",1,56.0537066893033,67.6202090344287,46.2964929588494,0,1,0,0
"32",1,44.9366645781076,54.260143626155,49.5920307354994,1,1,1,1
"33",1,35.7943449530426,49.862465835246,43.8768123359396,0,0,1,1
"34",1,51.2799296568413,46.9244309040364,30.5414791018363,1,1,0,0
"35",0,69.4585121773144,54.1430816410829,52.4309632952758,0,0,0,1
"36",0,58.0091433957306,59.8905792019639,54.7490009540453,0,1,0,0
"37",1,61.6525338994626,48.1614168945395,51.3671457406114,1,1,1,0
"38",0,53.5885572309315,51.6376140684656,45.1125227431169,1,1,1,0
"39",0,43.9144282168378,52.1693634414438,59.0020365726044,1,0,0,1
"40",0,47.9775914488972,57.2927763420966,60.7753566006142,0,1,1,0
"41",0,47.2675189318807,61.1138040702469,26.2632914395008,1,1,1,0
"42",0,45.3130022021791,52.7916081693963,61.2457483752911,1,1,0,0
"43",0,57.0416728392972,49.2382932845282,32.2045225284649,1,0,0,1
"44",0,38.0263649763459,63.9466313220858,46.5544963756457,1,0,0,1
"45",0,58.6636613211277,51.6453411760558,38.9082688624072,1,1,1,1
"46",0,58.6415248622589,65.7785197879348,43.6989421707691,1,0,0,1
"47",0,38.0137764093125,49.3807734238045,63.1688376872424,0,0,0,1
"48",0,56.3949199790053,56.1392296419369,55.3451338828407,1,0,0,0
"49",0,74.3022665234451,34.5391140575476,54.9389808574188,1,0,1,1
"50",1,44.4278451805839,48.8760803866259,29.2200756865519,0,1,0,0
"51",0,58.4490424140807,49.7820546003911,51.9632534274156,1,1,2,1
"52",0,42.177981543806,42.4165458258345,56.288031538739,1,0,0,0
"53",1,61.107114182028,39.641071155777,58.6094714339362,1,1,2,0
"54",0,52.4982471992656,59.4815930255181,40.2675264952477,1,1,0,1
"55",1,66.5191539162316,59.1415873392772,59.3754305203066,1,0,2,1
"56",0,35.4102927146308,37.0126800515354,36.0479422170473,1,0,2,1
"57",0,49.4870211387464,54.2437879493434,67.3874301887633,1,0,0,1
"58",1,44.730748238744,38.8745468004491,42.0136570975646,1,1,0,1
"59",1,48.027351309237,39.4892677381844,57.6502438676935,0,1,1,0
"60",0,43.70421257314,55.2541244826636,53.1791134513544,1,1,1,0
"61",1,41.66156419465,43.1397599990695,39.3639948238711,0,0,0,1
"62",0,55.7872237461645,59.9347998212221,61.442586560686,1,0,1,1
"63",0,39.1241928592307,50.3852359907535,50.3337684262739,1,1,0,0
"64",0,64.8403093155628,55.3614897578572,58.1840777484785,1,0,1,1
"65",1,38.1379341468625,44.7637330211384,52.1819208582221,0,0,0,1
"66",0,51.0107915139528,38.4877866505641,58.6849725240991,1,1,0,0
"67",1,55.3298928682648,59.1475224100276,50.2168052089808,1,0,0,1
"68",1,55.8673533909263,52.3807149156271,61.1522864969301,0,0,1,1
"69",1,46.9825333613362,47.6093224054529,46.4781913508887,0,0,0,1
"70",0,50.795019953284,50.6923532654574,55.272883182488,1,0,1,0
"71",1,59.6126415180968,63.2590834259925,53.7857152224394,1,0,0,1
"72",1,35.4353408292357,43.0183336537993,58.4385977709838,1,0,2,1
"73",1,42.1826028846792,42.5059155553682,43.7895750504313,1,1,1,1
"74",0,53.2040231431661,43.8038494729265,51.7769149786787,0,1,1,1
"75",0,45.5521802166301,34.1500873179013,44.1983492086815,1,0,2,1
"76",0,63.70003993971,58.1962813750374,59.0863782573344,1,0,0,1
"77",0,56.7325386335484,51.9236964674425,43.6331362052492,1,0,2,1
"78",1,50.7216675241476,52.0717197421793,67.3223869637675,0,0,2,0
"79",0,34.9224268246332,49.5665264565231,57.9037160203912,1,1,1,1
"80",0,50.2610022532624,44.8983955857589,49.8629202114616,1,0,0,1
"81",0,46.8358413180301,41.7658138622378,62.0619647520582,1,1,1,1
"82",1,48.976534864794,58.5185640329267,49.1540905986175,1,0,1,1
"83",0,38.1844077294431,35.7381532707985,55.6326228163603,0,0,1,1
"84",1,54.9865804382992,54.4029894196541,55.281944000151,0,0,2,1
"85",0,39.6104355969297,42.0738834924232,54.2303843241033,1,1,2,0
"86",0,47.7377801855759,52.8231021454547,44.0323577029089,1,1,1,0
"87",1,53.8142582945135,42.5930947780985,37.491557223988,1,1,2,1
"88",1,42.1648421098695,44.7665831731597,33.1839929022617,1,1,1,1
"89",1,55.8299140568006,67.6936591702701,45.4370364099873,1,0,0,1
"90",0,36.8348959834831,56.6828261893351,56.8279319220247,1,1,0,0
"91",0,21.9022532103946,28.5510297572434,47.6096251649718,0,0,2,1
"92",1,54.6496799078585,51.2641241610032,37.9664906653206,1,0,0,1
"93",0,58.40539826961,45.4818706374278,71.5647760195008,0,1,0,0
"94",1,47.1415457640862,38.6337381222233,57.0200942304861,1,1,0,1
"95",0,55.0412625459161,52.0978589043119,69.4661810026563,0,0,0,1
"96",0,38.4408347491633,51.2996551601936,62.1303635372129,1,0,1,1
"97",1,48.7285139317434,46.7149342743192,43.8862088163549,0,0,2,0
"98",0,30.5848162395938,69.7270356733745,45.8807879675321,0,0,1,1
"99",0,61.8118089143852,27.5130993318344,35.5931902173029,1,0,1,1
"100",1,68.5991086154316,58.3821938727849,57.4047345310968,1,1,0,0
"101",1,60.7401226028199,47.1097672953743,66.2365925222734,0,0,1,1
"102",0,49.7265303358626,56.5651341057938,40.795151219274,1,1,1,0
"103",0,49.6666965772408,45.4600229936132,37.9780235318082,0,0,2,1
"104",1,34.839323768489,44.061354375549,58.8267806836448,0,0,2,1
"105",0,57.9038534388823,32.8962033360537,34.8352096439927,1,0,0,1
"106",1,47.8926581930822,47.9055157172726,69.2161155776854,1,0,2,1
"107",1,43.4325707463892,74.7874580135709,55.7213577780625,1,1,0,0
"108",1,35.8797420734169,59.8970220812937,32.8510494616144,1,1,0,1
"109",0,47.0023750335373,66.7557215582683,53.5491889573242,1,0,1,1
"110",0,41.5093886498329,59.1496531831404,51.0518186581099,1,1,0,1
"111",1,46.0296947967216,61.4426270796186,25.3158646681533,1,0,0,1
"112",0,37.824000122364,59.0287641449911,49.5814196967605,1,1,0,1
"113",0,66.875894829457,54.753924317651,44.1273923213296,1,0,0,1
"114",1,49.8399747279203,44.1747122600299,41.1270300724275,1,0,2,0
"115",1,60.7494507727239,44.6706526267652,52.3871681975068,1,0,0,1
"116",0,23.9830032974235,33.9916000362471,58.5089030229381,1,0,0,1
"117",1,45.4680217000516,49.9418228612001,67.2700883321405,1,1,0,0
"118",1,43.2451770840793,58.9935567585671,23.6749235390459,1,1,0,1
"119",1,37.7707382063409,60.3192255652607,57.4361132780996,1,1,1,0
"120",0,65.466091542241,50.9513270445542,40.4764888866471,1,1,2,0
"121",1,35.8471808023051,44.5237238277809,61.5633016538051,1,1,0,0
"122",0,53.1839026040803,82.9051744331853,53.4586167415784,1,0,2,0
"123",0,58.4643628557969,57.3668553125042,64.4495717206043,1,0,2,1
"124",0,51.7819018841802,64.2057530487914,35.1723869424334,1,0,0,1
"125",0,41.2474452250448,46.6231935933268,54.9463129762884,0,1,0,1
"126",1,59.4116580672417,49.6204237294541,52.9515933803463,1,1,1,1
"127",0,51.7058808184084,54.4860709770673,60.4786224591943,1,0,0,1
"128",0,39.3650209361796,66.7652231194829,47.68831491365,1,1,0,0
"129",0,36.1195095239794,46.8852545454387,61.4401684592874,1,1,1,1
"130",1,70.8671743449315,58.5361566678307,45.5503912452412,1,1,0,1
"131",1,43.2149685458156,29.0518536567977,45.7076259610689,0,0,0,1
"132",1,31.4442834608196,44.9274556591837,50.2537930145578,1,0,2,1
"133",1,55.3325936275365,37.0799092323669,39.307478276177,1,1,1,0
"134",1,53.102302560609,61.133627173571,45.4342835916571,0,1,0,0
"135",1,36.461656642774,48.3554691171974,61.1000382848242,0,0,1,1
"136",1,30.5704358641805,46.0962591799326,66.5182870430573,0,0,1,0
"137",1,48.8369748284139,63.6909984619857,61.1425467962836,0,1,0,0
"138",1,61.3939629170942,61.1627285824002,45.7513482481142,1,0,0,0
"139",1,56.3612403518215,41.019787965325,53.1847988553962,0,0,0,1
"140",0,45.0706257583802,54.2786648760965,50.9848964894474,1,0,1,1
"141",0,41.6581176841562,37.7155543148775,37.409725270642,1,1,1,0
"142",0,52.7106675675055,45.2438497578882,52.5740821114072,0,0,0,1
"143",0,51.5735334721616,66.1657763714695,41.7570667232819,1,0,2,1
"144",0,56.2971174669273,64.5012795133044,39.3937578105286,1,1,0,0
"145",1,46.042020497111,61.0901875546684,57.2550546136591,1,1,0,0
"146",0,58.993540532031,44.2909611366968,42.9206811289366,0,1,2,1
"147",0,41.6918847266375,31.1856852972445,48.5595124949038,0,1,0,1
"148",0,46.6945529988004,38.2430181597584,40.2628442311857,0,0,0,1
"149",0,57.408145237259,59.5255652462752,50.5594442585314,0,1,2,0
"150",1,59.8997160862711,47.0943211383491,54.9234655315049,1,1,0,1
"151",1,30.6149529854662,28.3739185443202,55.0254525466691,0,1,0,0
"152",0,51.0719040701615,48.1981251228354,39.2474202277061,1,1,0,0
"153",0,56.0877901173463,64.1023922112458,62.5804225002658,1,0,2,1
"154",0,35.4917568650937,56.4346864051953,64.9297171304439,1,1,0,1
"155",0,54.8062559987522,41.7874145647058,53.7291042641075,1,0,0,1
"156",0,41.718257296032,34.5408334793498,51.5747954788435,1,1,0,0
"157",1,60.2025301216443,41.7345277436321,50.7734290332108,0,0,1,1
"158",0,55.3848203210264,50.3452767132152,52.5754594593975,1,1,1,0
"159",0,57.6905229499561,58.8807370091206,53.7642358872264,0,1,2,1
"160",0,51.2071932928703,30.6005984520974,51.3682361894817,1,1,0,0
"161",1,58.6364843415775,60.2320175527412,56.5382317091473,1,0,2,1
"162",0,63.8051452831454,50.0545772658802,46.6423145762247,1,0,1,1
"163",1,69.6624801545563,55.6977896960583,61.2934492850217,1,0,2,1
"164",0,49.7160494525094,33.4674443676513,49.6231718822938,0,0,2,1
"165",0,27.509489096676,43.3334561987782,32.4430598346384,0,1,0,0
"166",1,50.3152600459399,45.5176581073448,49.002796306166,1,0,0,1
"167",1,52.0556120844997,60.4389134830903,54.4702045265387,0,1,0,0
"168",0,48.446546528556,60.2817404739542,62.300316728337,1,1,0,0
"169",0,55.6828862077707,54.3509045924834,50.6021043261511,1,0,1,1
"170",0,60.1067796451427,66.0421218162388,30.59930798329,1,0,0,1
"171",1,44.8201756983218,44.8458880025463,50.0483176592536,1,0,0,1
"172",0,47.0590467284389,60.1253719377392,38.0078807803253,1,0,1,1
"173",1,53.9784220880034,49.6405997020928,40.2389429635025,1,0,0,1
"174",1,44.4977625851086,43.3265790382359,39.7437294876503,1,1,1,1
"175",1,50.9126738348824,59.2338003833084,42.0077307548744,0,1,2,0
"176",1,30.382924011147,63.811003308495,61.3712909055669,0,1,0,1
"177",0,38.8010027860238,58.7825041618485,41.6847110045616,0,0,1,1
"178",1,36.7224452439587,44.9059654457774,45.6093722604703,1,0,1,1
"179",1,41.4637630327276,45.302123658449,51.8417346140025,1,1,1,1
"180",1,43.0669547206933,63.77675846806,58.9037962557919,1,1,0,0
"181",1,53.8230514254637,53.5282640641775,43.3329498992502,1,1,0,0
"182",0,59.8211300252264,58.2957397932112,41.7377613613,1,1,1,1
"183",1,42.7261647091246,46.6129801633569,44.8138427778616,1,1,0,0
"184",0,40.03161017622,62.6103493646465,38.2828130076662,0,1,1,0
"185",1,39.5831114101049,41.9124485503781,59.2003334946981,1,1,0,1
"186",0,45.8541127363633,56.2535152086663,28.1804186590106,1,1,0,1
"187",0,47.6097093184744,41.8282503443189,44.723079226451,1,0,0,1
"188",1,54.8361753383827,25.3742498341423,35.5885997790612,1,0,1,1
"189",1,46.7867515783161,36.5704248932033,30.4321521581022,0,1,1,0
"190",1,29.2151073113998,51.3629519921016,50.2865819707926,0,0,1,1
"191",0,49.0856572444986,58.8292274962583,65.3823566132278,0,1,0,0
"192",0,61.8718681065156,32.4869791690518,66.3464035479982,1,1,0,1
"193",1,61.9160126851033,37.4857553108047,44.3722379164724,1,0,0,1
"194",1,42.1103678188877,67.6454599657549,43.0304429148176,0,0,0,0
"195",1,34.5222345636243,45.6610065017674,44.6177369652841,0,0,2,1
"196",0,74.5806049186527,55.057001319306,57.1011023178385,1,0,0,1
"197",0,48.3757805752058,44.7306467862268,24.3830303701998,1,0,1,1
"198",1,49.0254874989438,47.014171148485,52.4770047442229,0,1,2,1
"199",0,54.2057418869815,50.8724420660524,45.9445961899245,1,0,1,1
"200",1,33.8596054338088,50.1096184279901,42.560615031489,1,1,0,0
"201",0,42.7178088880871,48.0743978895794,29.9387996867988,1,1,2,0
"202",1,34.5955759470999,45.3020351485626,47.9417358221705,1,1,1,0
"203",1,43.069053859894,19.5213911020128,33.5094322754413,0,1,1,1
"204",1,51.1884943300456,68.686555003337,49.8469212680766,0,1,0,0
"205",0,36.3529054201309,67.9042420824304,41.0509832248658,1,0,0,1
"206",1,55.8998267936731,38.9891825828077,50.4631972418357,0,0,0,1
"207",0,52.8934402881734,48.3189247789003,54.6100407938378,1,1,2,0
"208",0,40.9578497437936,63.7527530471249,44.9626123280206,1,0,0,1
"209",0,52.2632494238106,59.982900230522,39.77601543784,0,0,0,1
"210",0,57.4808116249384,62.7660161874577,43.8825777096969,1,0,0,1
"211",0,60.6109525326174,39.282530818402,43.3260649678551,0,0,0,1
"212",0,47.8715172135347,75.7726809619797,35.0672417094453,1,0,1,1
"213",0,49.0636320608895,38.6654004022967,42.193817860938,1,1,1,0
"214",1,49.1328586501808,57.5391634188329,48.0659486514285,1,1,0,0
"215",0,64.4146175605505,51.4127598044569,47.791666902006,1,0,1,1
"216",1,61.2507189227799,45.9628968203797,53.2954173988729,0,0,2,1
"217",0,58.3440156775704,46.2058420181898,62.9187572312354,0,0,1,1
"218",0,47.1265920015931,40.08603187469,53.3367103166387,1,0,0,1
"219",1,53.7324143416641,66.2265979575681,64.7578697474206,1,0,2,1
"220",1,54.032903312207,50.8951322776275,43.5207403527969,0,1,0,0
"221",0,39.5832670571068,52.5921794921438,63.5066841000033,1,0,0,1
"222",1,32.7169548467926,52.0963283306103,55.9340890781761,1,0,0,1
"223",1,56.4183002765162,46.2482924693913,38.0829111476597,0,1,0,0
"224",1,34.7068946881958,38.6597875524495,54.0217101248522,1,1,0,1
"225",0,50.0168368848421,52.5372630968396,37.6230715943052,1,1,0,0
"226",0,52.5024782134833,29.0636055004107,59.4723067569171,0,0,0,1
"227",0,55.6386739030588,35.8143305716439,44.6025385497242,1,0,1,1
"228",1,51.8942623751481,39.2360330506162,47.6388981296338,1,0,0,1
"229",1,42.6714619370288,39.2132113732765,43.2046351105677,1,1,0,0
"230",1,59.8636585989546,51.0718881656708,41.478217076357,1,0,0,1
"231",1,67.3863376690625,65.9848754832474,67.0213970919678,1,0,1,1
"232",0,58.8117880892544,34.8467585593503,59.9180452290277,1,0,1,1
"233",1,30.5634909867602,54.3367602059661,56.7521307702745,0,0,2,0
"234",0,63.9957618540294,58.9954475332104,50.7361995900394,1,1,0,0
"235",0,49.4394405381373,40.1046779771112,57.3633381455181,0,1,0,0
"236",0,55.2491427931929,49.4720059847752,56.6171277691595,0,0,0,1
"237",0,56.2203323587106,58.2361090262206,66.0352059838129,1,0,2,1
"238",1,49.0331392679329,47.4449089745261,58.5003977821244,1,0,1,1
"239",0,49.2473680235127,47.7931565274879,47.9381099354249,1,0,0,1
"240",1,60.191570693309,53.0772679121062,47.851070567401,1,1,0,1
"241",1,57.1160192248624,49.3998674666673,45.3192743566387,1,0,1,1
"242",1,59.9026224604423,44.4434711006078,46.3626143918417,1,1,0,1
"243",0,73.8292669523033,48.6138498053911,47.6331606050447,1,1,1,1
"244",1,56.6441586369409,68.8283979238647,62.2288074959827,1,0,1,1
"245",0,52.0738115738531,58.7366867960603,26.7164036730191,1,1,0,0
"246",1,27.8936688942438,40.8540292717238,42.9815417158966,1,1,0,1
"247",0,76.9171400324612,37.5508237766868,48.6711928063334,1,0,2,1
"248",1,45.1732317820369,46.4001775931739,37.167415962468,1,0,2,1
"249",1,73.7473471509539,63.2877470094798,66.1910061010553,0,0,1,1
"250",1,53.7464356800499,52.9267911841695,47.6605169898814,1,1,1,1
"251",0,65.3843019889679,42.9849476315934,38.8308186878641,1,0,0,1
"252",0,48.9028967882376,58.8223456781802,41.0838621318932,1,1,0,1
"253",1,55.1147075469813,48.6662961127711,58.7239516251344,1,0,1,1
"254",0,52.1395797964226,38.7932150070858,68.6900934050409,0,0,1,1
"255",1,48.138793006265,54.6119245421179,48.7573149618776,1,0,2,1
"256",1,48.7960617537751,65.2414281017881,51.0702880737631,0,0,0,1
"257",0,60.1283433584425,54.3446829813283,40.514649399449,1,1,0,0
"258",0,47.985418530285,51.9200037113893,63.1664471072918,1,1,1,0
"259",0,29.623175055592,43.4375687158294,57.2265692634597,1,1,0,0
"260",1,48.0411075117017,55.6839853086953,26.7074653714247,1,0,2,1
"261",1,55.3979060553627,39.2942946510961,43.5476745418247,0,1,2,1
"262",1,56.1645571635144,33.4685097551911,47.6588250565847,1,0,0,1
"263",1,56.1656781747743,49.5664723150625,38.9183932661947,0,0,0,1
"264",1,33.0789847913092,49.6540649420096,47.2677582439784,1,1,1,1
"265",1,53.6874205801119,73.6505553200281,38.6655884573581,1,1,2,0
"266",1,59.6785920994706,37.836526921081,53.5930795373057,1,0,0,1
"267",0,62.7657868146766,51.7090632334904,53.3564476386514,0,1,0,0
"268",0,47.7503872895588,58.0505309362219,58.1098435313938,1,0,0,1
"269",0,46.781074138172,60.5059284411589,54.1645613593357,1,0,0,1
"270",1,64.8783783187804,49.8927551534068,65.9411403885386,1,1,0,1
"271",1,33.3207195422068,42.5674385857075,46.138621227119,1,1,0,1
"272",0,45.6317002308688,49.3421594813001,28.4669663256357,0,1,1,0
"273",0,54.5746207935745,69.3975599193716,50.2565921307989,0,1,2,1
"274",0,33.8222623461877,54.8273900817583,56.498488450255,1,0,0,0
"275",1,52.7962786243176,29.5552292744193,45.987644004872,0,0,2,1
"276",1,68.7786402105219,64.2345912865025,64.0087647763291,0,1,0,0
"277",1,49.9593934656366,55.4050266091508,60.9476867868607,1,1,1,0
"278",0,47.2154597503641,49.6642822816248,55.3749329892122,1,0,2,1
"279",0,54.7491171403405,49.821363788899,50.6977475777461,1,1,1,0
"280",1,47.2092782921269,48.502102802066,44.4849936680621,1,1,1,0
"281",1,58.1340037407906,52.5655948095525,48.2305663221806,1,0,0,1
"282",0,59.044354644497,44.9613306696298,54.6917784766992,1,1,1,0
"283",0,50.0269166123012,52.7701125166001,59.6779678824769,0,0,1,1
"284",0,38.2330784225027,40.6864397517926,47.0388534318567,0,0,0,1
"285",0,36.8177927254091,52.0014687527476,42.7174674157636,1,0,0,0
"286",0,44.0700263434468,61.0683742066645,74.756058618661,1,1,2,0
"287",0,57.9738050054984,55.092061136538,55.185571703497,0,1,0,0
"288",0,30.4179482534307,60.3374967645111,40.9639679466255,1,0,0,1
"289",0,31.1367484126745,39.0913123819738,59.3097905634325,0,0,2,0
"290",1,43.462201752399,50.547927844726,50.6168649789785,1,0,1,1
"291",0,53.9439484798058,56.1725030272206,58.2678924852163,1,0,0,1
"292",0,40.8643395183501,39.3199513226672,50.5179695256083,0,0,1,1
"293",0,58.8674903709606,65.6581433705846,49.4157094875479,0,1,0,0
"294",1,53.3336997015518,39.6519198901474,50.9061162071226,1,1,0,0
"295",1,48.2936038176139,51.6451870850584,54.1278079705255,1,0,1,1
"296",1,58.1882813653178,51.5183233035508,43.8991426845607,1,1,0,1
"297",1,53.8836516281937,51.2167030196685,43.4463676972686,1,0,0,1
"298",0,45.5406497278784,47.8957541635653,48.1522079386064,1,1,0,0
"299",0,52.3111493441816,54.499367871462,51.7130143163709,1,1,1,0
"300",1,56.4751335797759,39.6883550810254,46.826235447306,1,0,0,1
"301",1,53.5628334486205,37.1063581177678,53.169845624579,0,0,0,1
"302",0,43.4198979205052,43.4543136188675,38.98264587398,1,1,0,1
"303",1,58.5520220506419,49.4267589615222,35.6904154713262,0,1,0,0
"304",1,61.5293622555862,62.5674782035705,68.9201063250808,0,1,0,1
"305",1,52.7627455654334,65.8745413986454,53.9787711306031,0,0,0,0
"306",0,51.4410466246219,53.1948146254475,46.0297186660542,1,0,0,1
"307",0,49.2437491922016,53.8159162269315,47.2004215150964,1,0,1,1
"308",0,71.6141584630279,47.5635511636055,57.8511853104356,1,0,1,1
"309",0,52.7631553213579,50.4805308405303,47.8967918577064,1,1,1,0
"310",0,48.4170597130006,35.9545413889821,51.9211496387668,1,0,2,1
"311",0,24.9208219780275,52.8993372889576,47.3527437390155,1,0,0,1
"312",0,34.3471823496947,44.6444641770626,44.9860894206324,0,1,2,0
"313",1,49.2232679938944,53.3467877310055,56.0218981352026,1,1,2,0
"314",0,52.062940448431,46.540186608455,51.4149455835015,1,0,0,1
"315",0,52.7687245886161,43.3838426516355,63.0181266697034,1,1,2,0
"316",1,58.2150678044862,47.8088862319795,38.7460314232526,1,1,0,1
"317",1,48.0584759067954,46.3309508936629,48.646925939506,1,0,0,1
"318",0,62.1458879448256,60.9457820784237,47.9101105118021,0,0,0,0
"319",0,40.7848395713042,52.0920808243713,39.2513766608633,0,1,1,0
"320",1,37.9155727955693,54.3249142615322,59.9785872625827,1,0,0,1
"321",1,37.7101382244619,37.5914641419922,48.9260025092586,1,1,0,1
"322",0,57.4229702418652,64.9682170962802,36.1444200956853,1,1,0,0
"323",0,49.1708005766077,51.5937044116076,44.0785937260578,1,0,0,1
"324",1,57.898179218205,41.4371859659675,38.946664393539,1,1,1,1
"325",0,47.3229357844292,53.0904664544682,60.3908851261442,1,0,1,1
"326",0,44.0810789778719,58.7043402984488,75.4290445686211,1,0,0,1
"327",1,46.3164742487349,36.1632286169844,43.2628418086359,1,1,2,0
"328",0,31.4738317575827,66.9010697003056,49.077699918982,1,0,2,0
"329",0,38.3038473958589,48.4196929482164,52.7973503429066,0,0,1,1
"330",1,35.5796535364155,61.2117078064864,77.0895941900681,1,0,1,1
"331",1,60.5432227197535,50.7226131908891,26.7099653632426,0,0,0,1
"332",0,44.026699086372,46.6757715543328,44.8604426430368,0,0,2,0
"333",1,57.8945985279018,31.6507995337314,37.9720524277226,1,0,2,1
"334",1,65.1649060169196,38.9982778141281,47.7237519376309,0,0,0,1
"335",0,48.0822519089006,49.5865970008257,47.2410078241399,0,0,2,1
"336",0,52.8387890635235,58.2785254511714,42.7019119397507,0,1,0,0
"337",1,32.4893248060392,31.1832134584543,68.3415571752355,1,1,0,1
"338",1,41.813302224802,63.7544111232424,52.5706533706498,0,1,1,0
"339",1,50.5621484938284,63.9899046430298,73.9358537418796,1,1,1,0
"340",1,52.9908690333615,38.5668374408906,58.2361662621835,1,1,1,1
"341",0,42.4060188270112,54.7230056219311,37.3468784974396,1,1,0,1
"342",0,76.848589992268,39.6636078664579,42.4650878493182,0,0,0,1
"343",1,45.4160986090761,48.7480002131172,52.7303841916295,1,0,2,1
"344",0,50.6424355663004,59.2866273884668,44.2210105891496,0,0,0,0
"345",0,56.4979186715352,58.6833964769877,53.5428968907761,0,0,1,0
"346",0,49.73981365226,41.5082539636652,57.3257264195822,0,0,0,1
"347",1,43.5643261297289,46.1336354552443,54.2112227665107,0,1,2,1
"348",0,60.453056639633,40.2383642900283,48.6538716582915,0,1,0,1
"349",0,66.155453232072,53.3954365990491,43.5646106613742,0,1,1,0
"350",1,49.7030602895016,34.4092483556623,37.1067931083584,1,0,0,1
"351",0,55.6226734540307,23.7067455844864,53.4089489859831,1,1,0,1
"352",1,49.0258750149737,64.6981228187286,59.223356740929,1,1,0,0
"353",1,60.1645521770216,72.7347291299472,49.2033059025482,1,1,1,0
"354",0,38.4383260574015,45.4496645976117,57.5361765272448,0,0,2,1
"355",1,73.2086022399448,57.6110248709489,72.27529683524,1,1,0,0
"356",1,43.9646875221166,49.9249721629028,69.3382128195771,0,1,1,0
"357",1,35.4115058556191,64.7431379971599,45.0509452322386,1,1,0,0
"358",0,46.4908217280693,55.5414393256938,55.4671184139507,1,0,2,1
"359",0,51.46708484145,52.0366396511615,42.9778936225387,1,0,0,1
"360",1,66.2362120768023,32.0086354823413,56.8981342390161,0,0,1,1
"361",0,59.1120967677132,60.8295568079775,49.4163685992325,1,1,1,0
"362",0,51.4245843204579,46.4914638495314,52.7758757806665,1,0,2,1
"363",1,36.1051647601184,35.9650991528497,41.409853855908,1,0,0,1
"364",0,41.3396225532789,47.9820333508667,62.0537791583264,1,1,1,0
"365",0,48.3671506777071,48.732218402077,49.1582003352313,1,1,0,0
"366",1,75.5302611346059,60.5920687266615,45.5408004204494,1,1,0,1
"367",0,31.3977242578159,38.32603967736,49.2337862738481,1,1,2,0
"368",0,61.3105465184602,44.4235637268156,50.7639837999588,0,0,0,1
"369",0,44.7276574276608,64.8811992838316,66.3686401169385,0,1,0,0
"370",0,66.6599089998742,63.5866576877003,38.8927601166625,1,0,0,1
"371",0,38.607993600266,61.6321454390236,74.5899120349098,1,0,2,1
"372",0,51.4362323466275,66.6152394534788,42.2668761353699,1,0,1,1
"373",1,39.0044905829725,52.040309798299,51.7464337496006,1,0,0,0
"374",0,59.0351642636167,44.1811631313022,29.4185863525075,1,0,2,1
"375",1,64.8377948873809,55.5520406186342,43.4553946967028,1,0,0,1
"376",1,69.5072100640115,60.5872312582593,57.3177336412873,1,1,0,1
"377",1,57.9760065758952,74.1363327147105,55.0523305857902,1,0,0,1
"378",0,68.4326625457782,30.3501766728881,54.1057222175255,1,0,0,1
"379",0,62.4642390866165,52.7323570306682,45.3323469646731,1,0,0,1
"380",1,48.6812508817599,56.5479458286965,31.5642753394217,1,0,1,1
"381",1,54.770372382847,49.4540134463962,39.2717537294058,1,1,0,0
"382",1,40.2800578852407,34.4217775151489,47.7017123467596,1,0,0,1
"383",0,48.1479783059901,57.4150089208624,56.216371749907,1,0,1,1
"384",1,62.2096370834882,42.2091425873608,58.374454813897,0,0,0,0
"385",1,55.4128414348235,55.0586149883051,46.9711195084609,0,1,2,0
"386",1,54.5735733162533,59.0755170601785,48.4844746558761,1,1,0,0
"387",0,39.618689603128,62.8395701047459,48.3714847747626,1,1,1,1
"388",0,43.9548676966588,34.4213620261443,50.5784553295573,0,1,2,1
"389",0,42.3539398624643,60.8174184817912,65.3714488558615,1,0,2,1
"390",0,53.952958700135,42.4301864305398,42.7328747190961,0,1,0,1
"391",1,40.0949236953344,37.1098052615104,47.9523728044765,0,1,0,1
"392",0,55.6204139009905,63.1432066591943,50.78726292443,1,1,1,0
"393",1,38.8358358806646,61.4625997326498,36.6173410681494,0,1,0,0
"394",1,68.2853045813536,47.57416732295,40.7897076479705,0,0,0,1
"395",0,54.605913494781,57.5954070623835,52.0026194860911,1,0,1,0
"396",0,42.9899638774673,41.3967425857694,54.2706912773909,1,0,0,1
"397",0,52.4104593250122,48.4896842094796,61.4009020938031,1,1,1,1
"398",0,46.4754680077204,49.0627676623913,45.3429404356149,1,1,1,1
"399",0,53.7114795975966,47.19259945496,64.5390062123435,0,0,1,1
"400",1,52.435327187603,57.3409873649724,41.3544378268046,1,0,0,1
"401",1,39.8588582733853,65.3732753549595,34.0371692049774,1,1,2,1
"402",0,42.0868612118053,45.442289372211,30.5398655444801,1,0,0,1
"403",1,52.9959368473956,49.6734154764427,61.0405027494058,1,0,2,1
"404",1,66.3905190875156,66.367573491655,53.0487211130546,1,0,0,1
"405",0,60.8461700867092,46.7095802947346,48.6957811005147,0,1,0,1
"406",0,43.7543252638191,23.959618293929,47.0638661298811,1,1,1,0
"407",1,58.2592290164749,55.1398378644793,65.8625545540677,1,0,0,1
"408",0,49.5143164724371,41.1353198888874,62.0114550405925,1,0,1,1
"409",0,53.013136517184,40.0146159399607,39.9626028880075,1,0,0,1
"410",1,52.6036149073656,64.2081681358485,36.0898301718377,1,1,0,1
"411",0,75.7544976372339,74.4799800701523,60.8529588092986,1,0,0,1
"412",1,38.1471118941278,39.6021745859646,55.6061180601734,1,1,1,1
"413",0,51.0091985901286,60.3102518166676,44.8901901491029,1,0,1,1
"414",0,32.2002271203238,49.0585216163037,53.964519655711,1,1,2,0
"415",0,55.8983592295876,51.4180745922045,29.7676889608864,1,1,1,1
"416",0,60.966084717214,62.222367014564,43.3485852706655,1,1,1,1
"417",1,64.4566224110115,52.1367451844107,54.350072055261,1,0,0,1
"418",0,30.7485474816288,41.4863464613924,49.2708836097604,1,1,1,0
"419",0,54.1276949719403,45.2959112525714,37.1811235588467,1,1,1,0
"420",0,65.9336995138365,56.8613525529887,60.1526613067697,1,0,1,1
"421",1,45.859841369577,26.640526681401,61.6305933920202,1,1,0,1
"422",1,47.8784946791805,60.9524438184847,40.59960161543,1,1,1,0
"423",1,49.6346277779526,34.3284990116776,48.1453337087698,0,1,1,0
"424",0,53.6501875143304,50.2193106281838,57.3061393946025,0,0,1,1
"425",1,56.6515987574597,48.0964102240804,58.6372484271866,1,1,1,1
"426",1,63.1782088371148,62.9306948602434,44.7125238536514,0,0,0,1
"427",0,49.0451240955501,51.8884931505663,41.214601604319,0,1,0,0
"428",0,51.9627804547247,51.0193913490521,53.4507540684539,1,1,1,1
"429",0,74.8799787722146,56.981358088586,30.8398178197033,1,1,0,1
"430",1,54.3109892811499,41.7298544380957,40.4992241065164,0,0,1,1
"431",1,51.8875310932983,48.0410114393362,57.7358712705744,1,0,0,1
"432",1,36.5775687471655,61.7758441380777,32.962015944857,1,0,0,0
"433",0,50.0285604762223,56.8347362097985,37.9922287321736,1,0,1,1
"434",1,47.7867384683312,37.2450329324747,47.5921493638563,0,0,1,1
"435",0,49.8895417019063,56.3795636741088,46.9792649886279,1,0,0,1
"436",1,44.2458235872883,36.2241037539628,32.4595524231272,1,0,2,1
"437",0,43.131843475573,44.0168919628033,55.0937884189092,1,0,0,1
"438",0,42.7922636817988,62.10920383857,39.7854366291624,0,1,0,0
"439",0,47.8549548460023,27.4895482455415,48.4194106259678,1,1,0,1
"440",0,63.6813264802863,32.2098580911917,48.0342779299905,1,0,0,1
"441",0,60.4908662655933,63.0137267282642,56.9662874083119,1,0,0,1
"442",1,46.4002488205694,41.8520721594735,49.3401854028639,0,0,0,1
"443",1,33.1408354546126,62.4370701857891,48.6565201445174,1,1,0,1
"444",0,41.5541657146405,48.3174979924389,66.5474084400222,1,1,2,1
"445",1,45.4223946675949,54.2777567836292,53.7189488202031,1,1,0,0
"446",1,51.036380042283,58.1327888962924,56.235404626101,1,1,0,0
"447",1,43.3739272429919,43.4878813063996,54.748986268307,1,1,0,1
"448",0,70.0668069083189,46.9540907685339,55.7163462664524,1,0,1,1
"449",0,47.2773246558165,45.8490283035436,63.3573646703799,0,0,0,1
"450",1,37.8605552976049,78.1608427602238,49.4289583903341,0,0,0,1
"451",1,48.5873824271749,51.2614706909758,52.4284394642243,1,0,1,1
"452",0,39.9462241840659,54.7280042311109,69.6963413281427,0,1,0,0
"453",0,51.5615570727533,46.5924645905905,44.6996168657052,1,0,2,1
"454",0,52.3363361408987,47.5820935734539,62.9100897953624,0,1,2,1
"455",0,53.5558761162838,63.7875466885731,43.9292180392768,1,1,0,1
"456",1,33.7814174087579,46.6111633046261,67.1013967532023,1,1,1,0
"457",1,52.2071129097065,50.2013630276076,43.3375262023935,1,1,1,1
"458",1,53.1045008054165,53.7696216414107,41.8562772328474,0,0,2,1
"459",0,35.7889155249551,45.6827625496212,60.3640262444953,1,0,2,1
"460",0,59.5536563973041,69.5906415617703,59.6493153261291,0,0,1,1
"461",1,57.8417087909434,35.7154038777883,55.5171083746008,1,0,0,1
"462",0,72.9961936115445,70.1129297984563,52.7318852934028,1,1,2,0
"463",0,51.5670298737573,46.4840811112082,52.418598033419,1,1,0,0
"464",0,50.46733527518,63.5711964684949,70.547607060465,1,0,2,1
"465",1,50.9658583408244,30.0082258899253,35.6746550478191,1,1,1,1
"466",0,50.697662309003,59.5608062142845,40.1366368294673,0,0,1,1
"467",0,31.5152722466233,58.7643126497687,37.2085987709391,1,0,0,0
"468",1,33.2887294135776,37.2878302843991,59.6075549037634,0,0,2,1
"469",0,49.224610332088,42.3167612151037,47.5435806466613,1,1,0,1
"470",1,44.189326194335,51.9352484547022,48.699915441032,1,0,2,1
"471",0,50.5473652505743,61.4383542879701,67.8330681833913,0,0,0,1
"472",1,28.8879162673947,42.3400069597133,44.2097354721546,0,0,2,1
"473",0,35.0130174547324,47.758740009467,70.2279460124328,0,1,0,0
"474",1,38.9851656106126,65.7134693497734,35.9055918635637,1,0,2,0
"475",1,59.8605822106025,38.7265275914851,63.1783561304849,1,1,1,1
"476",0,39.0150999290988,59.4779398071686,53.2312100257483,0,0,1,0
"477",1,42.0048604642347,54.487681892349,46.1139948000837,1,0,0,1
"478",0,50.7987381867405,38.9418547144367,48.2716309661293,1,0,1,1
"479",0,46.7725363817489,43.3213215782622,63.3897466777892,1,0,2,1
"480",1,51.4641717866796,57.832775103022,67.0380587237689,1,1,1,0
"481",0,73.0506198204569,52.4895943271213,33.2153217894866,0,0,0,1
"482",1,38.7539632874176,64.2509827746748,84.2109460835705,1,1,2,0
"483",0,46.945303600902,43.9821603790841,75.7794265437777,1,1,1,0
"484",1,44.8324055025627,32.8551230362052,44.7467816534438,1,0,2,1
"485",1,65.1239542683245,60.4782692647826,49.3561809479307,1,1,0,1
"486",0,42.3051507710972,43.9137838156587,43.3645264446333,0,0,1,1
"487",0,49.1791309622428,51.2034052682256,49.0699891140981,1,0,0,0
"488",1,57.8713361432271,67.190418138518,57.3985943824584,0,1,1,0
"489",0,39.414094640516,47.495859476888,51.0336281493056,0,1,0,0
"490",1,66.5517581574201,65.4955532739698,51.9200699820434,1,0,2,1
"491",1,56.7576241547425,39.0286035006755,64.7880760269639,1,1,1,1
"492",0,39.2579339046965,59.2551123611624,27.9613152141915,1,1,0,1
"493",0,54.5457780905774,52.46799211871,45.0855695259818,1,0,2,0
"494",1,47.8669285676693,42.6322846064855,51.4441727126289,1,1,2,0
"495",0,53.1322877199433,37.1999106111035,42.1689936268232,1,1,1,1
"496",1,49.1002480298434,50.7664366359451,60.6096624028704,1,0,0,0
"497",0,60.7051603677834,52.5516476245408,45.5449435787797,0,1,0,0
"498",0,36.4889961429667,52.7744681703468,45.7081984622723,1,0,1,1
"499",1,44.7738330280408,55.3685602223155,61.8901180052985,0,0,2,1
"500",1,47.508093222446,45.3951443402329,58.342940730615,0,1,2,0
"501",0,40.0420127514867,44.8839627781042,48.4969252213592,1,1,0,0
"502",0,39.6004495623381,52.3693787912763,46.7224286721354,0,0,1,1
"503",0,49.8201975942334,44.584108283783,35.5183470981601,0,1,1,0
"504",0,48.6782486714327,62.1922764704307,43.0271541544838,1,1,0,0
"505",0,24.5065722524957,51.7413587510615,75.9849023212988,0,1,0,0
"506",0,60.4057345571938,43.8473168390352,49.6258498636595,0,0,0,1
"507",1,52.4972573598519,31.9310703591467,59.1349189044332,1,1,0,1
"508",1,74.1620737314833,43.5631889410396,48.1547350173527,1,1,0,1
"509",1,56.851982380511,70.4601885213282,56.0982429616145,1,1,1,0
"510",0,45.5304069103801,44.3923757886893,49.4727319101203,1,0,0,0
"511",0,77.973911469581,41.6400069414714,63.6392195568146,1,1,0,0
"512",0,78.3222602391551,56.5294750277785,44.9636658286562,0,1,0,1
"513",1,37.8128818370982,54.4129312484293,32.909398313183,0,0,2,1
"514",0,54.6903195595542,57.5162905659128,58.985496831277,1,1,0,1
"515",1,47.8875308136785,47.2202491484466,47.6226597350568,1,1,1,0
"516",0,51.8705114655401,61.2265421625967,64.6340758053025,1,0,0,1
"517",0,52.2754272856881,38.2739113980199,51.2437826647931,0,0,1,1
"518",1,37.3809953713095,49.5112323202634,64.537408438331,0,0,1,1
"519",0,52.8558958024256,42.9585966278204,53.5022695950742,1,1,2,0
"520",1,67.492473631418,56.8075863801718,46.5097452034023,1,1,0,1
"521",0,48.359099958652,51.3000676140214,57.2559860781983,1,0,0,1
"522",0,48.3707328930155,61.0970808177014,45.4076157037853,0,0,0,1
"523",0,63.9857200633747,70.5850086898135,66.8475923125393,0,1,2,0
"524",0,58.9839624068295,51.4065553172498,51.4658401680351,1,1,0,1
"525",1,33.5150518161872,44.6538334780162,29.7014290707041,1,0,1,1
"526",1,52.2855697326219,41.764832734813,45.2782991989397,1,0,0,1
"527",1,66.5354723467773,47.3696601776936,33.6762807321296,1,0,1,1
"528",0,64.1527634991914,49.3039816363962,28.216446939054,0,0,0,1
"529",1,54.1995160381423,69.9180191472057,50.5920865108761,1,1,0,0
"530",0,57.2122080711289,38.7089045726223,56.4786063669764,1,1,0,1
"531",1,38.0306478781132,39.0678256347512,42.3857311133469,1,0,0,1
"532",1,53.0013156688137,45.9203330968222,36.7115767387606,1,0,0,1
"533",0,40.4555106481218,55.8755946349831,43.9796925277163,1,1,0,0
"534",1,45.4198193190306,58.2111185973741,34.4947472764952,0,1,0,0
"535",0,59.356036837796,40.9206530075815,57.0300179515007,0,1,2,1
"536",1,38.6310688830886,51.2703860634959,55.7450300510831,1,1,1,1
"537",0,52.6691825087306,49.5710702210242,34.0470849043379,1,1,2,1
"538",1,54.2833203947154,61.9520647042577,43.7593113842929,1,1,1,1
"539",1,50.5491196983963,60.8919223650205,60.4721605508961,1,0,2,1
"540",0,68.2218882183542,46.8771930556548,48.3194076467193,1,1,2,1
"541",1,39.7765267142475,50.4599376666192,50.0951589246488,1,0,0,1
"542",0,56.061302614356,56.5272261340154,54.17240223978,0,0,0,0
"543",1,49.1106943254933,33.4650736340303,56.2683419668077,1,1,0,1
"544",0,47.3916775616608,46.8972903451995,62.0624313870859,0,1,1,1
"545",1,54.6409123385238,55.7487288400248,57.7256536861362,1,0,2,1
"546",1,39.7959940931607,44.7676784561988,36.2243293593515,1,1,0,0
"547",0,36.8654908348159,49.4008179865181,46.3757307468482,1,0,0,0
"548",1,45.0551912451658,49.7899246456629,53.0229849579678,1,0,1,1
"549",1,67.5175714975545,42.7634678568369,48.9092012388187,1,1,0,1
"550",0,50.5576477461252,40.0552016382161,28.2083471879607,1,1,0,0
"551",0,53.3143439822789,48.0013276500187,42.4188527500562,1,0,1,1
"552",0,48.1015336232246,46.5297217719291,60.1455115132308,1,1,0,1
"553",1,54.7049273195383,58.3409506566145,51.5804716206518,1,1,0,1
"554",1,40.4832045698285,65.2988221249492,35.2743956238528,1,1,2,1
"555",1,61.5791046656864,49.8807762063335,52.1592620622954,1,1,0,1
"556",1,55.8470526024135,53.9867199249155,48.4129252679215,1,1,2,1
"557",1,41.935471773083,49.2958468609427,56.7185387340111,1,0,1,1
"558",1,50.5455324581199,56.0135984388113,71.0655860175097,0,1,1,0
"559",1,57.1633161949912,52.184954622788,34.8409986893714,0,0,2,1
"560",0,55.577309820546,52.3659550186021,44.949364780092,1,1,0,1
"561",0,64.8193401587688,61.12915127616,48.612370596576,1,1,0,0
"562",1,43.8701224510515,40.1257885060455,28.6379499961623,1,0,0,1
"563",1,61.1613661549039,64.478640131255,49.6878000403984,1,0,0,1
"564",0,60.3654800994122,53.4911241217983,44.0683096208757,0,0,0,1
"565",1,48.3751686809715,51.808220107122,72.3560276857964,1,1,0,0
"566",1,40.2407330717812,44.3975814886942,20.8202378611664,1,1,0,1
"567",0,39.1085480911548,48.3612240841747,64.8822116820748,0,1,2,1
"568",1,54.5778695794497,53.7368480443044,60.0802466769112,1,0,0,1
"569",1,49.2887326627911,29.3628574260158,57.350916296203,1,0,0,1
"570",1,67.7910266685145,43.9847805116191,51.468119927248,0,0,2,1
"571",1,55.351379604962,55.8599161230581,42.891997047958,1,1,0,1
"572",1,46.280551248365,47.0551821364823,61.0563140078162,1,0,1,1
"573",1,39.7445775150289,41.9947245451574,41.142529349644,1,0,0,1
"574",0,44.1759832539475,43.6430546886501,56.9476181786188,1,0,2,1
"575",1,53.4288839289733,52.3574903241404,54.0263918531464,1,0,0,1
"576",1,45.4906535294335,33.6516761515249,60.7623819643517,0,1,2,1
"577",0,55.1423012023069,58.7122924058221,44.0345356851151,1,1,0,1
"578",0,46.6566194783022,28.3106532556405,44.1901237202297,1,0,0,1
"579",1,48.9444009120552,44.9666047768444,53.0207656381221,0,1,1,1
"580",0,42.6949032719217,42.1281752102651,53.0568515551434,1,0,1,1
"581",1,69.050435849087,37.5139979045158,63.7399835400225,1,1,1,1
"582",1,53.3262173147039,39.2209265988705,54.8539942838607,1,0,1,1
"583",1,52.3063364049945,52.500773536056,51.4484003934765,1,1,1,1
"584",0,33.0813758511593,48.8022596878412,58.4261984391545,1,0,2,1
"585",1,56.5979189954933,46.9914736754714,44.5639218423724,0,0,0,1
"586",0,39.7637641112029,26.7923622441814,60.929718962791,1,1,0,1
"587",0,41.084784256457,36.7567928850421,39.7745839613841,1,0,1,1
"588",1,59.1834117102165,48.686928875373,53.3814737137287,1,0,2,1
"589",1,45.4729935349177,41.2196484698694,32.9315423638727,1,1,0,1
"590",1,32.5162771999682,42.0323106968899,52.4644925820667,1,0,0,1
"591",1,67.6990410988936,60.495407129977,34.3203686885797,1,0,2,1
"592",0,26.2259307460748,51.7558834851734,47.6851505503467,1,0,0,1
"593",1,55.7281152985958,39.5615537836123,32.4254454993354,1,0,1,1
"594",0,60.1724924908461,45.3130398499779,43.6038017010125,1,1,0,1
"595",0,43.6903213333947,47.1509651844913,42.2383309006571,1,1,0,1
"596",1,54.4428705141155,43.197048187649,55.5477465298797,1,1,0,1
"597",1,54.3913038838856,40.3594638950544,44.1787786991429,1,0,1,1
"598",0,60.4062315291451,49.4819591799961,42.3140489812745,0,0,2,0
"599",1,54.8409938795252,57.4119471951976,62.2151568781476,1,1,0,0
"600",0,47.5511622090748,52.268520035673,66.6917040967207,1,1,0,0
"601",0,59.1599205794021,47.9985298728424,60.9348038421025,0,1,0,0
"602",1,58.0062235650977,53.8782024476882,35.0875749485855,1,1,1,0
"603",0,40.6343096586421,57.939183670515,62.7665308259526,1,1,1,0
"604",0,35.9921256600427,48.5948604175164,37.714624292603,1,0,0,0
"605",0,51.6027753999318,54.5580519894587,49.2804897801819,0,1,0,1
"606",1,47.2603762522482,38.5442709291404,57.3445820331274,1,0,0,1
"607",0,40.144608874377,47.5034931183113,47.8611291960997,1,1,0,0
"608",1,50.8393067951503,45.7970172450596,48.4960719638218,1,1,1,1
"609",0,36.8000347351309,51.9566450356004,51.2538242623055,1,1,0,0
"610",0,51.612263513262,53.5731951384298,54.2785802210652,1,0,0,0
"611",1,43.7507161245808,48.7638202100266,54.1135067907326,0,1,0,1
"612",0,59.5716427419248,42.337857772102,32.7363874613336,1,1,1,0
"613",0,74.2448914116153,40.7028578321528,48.2435176594011,1,1,0,1
"614",1,40.8402075631321,52.7852061060208,52.8683852320497,1,0,0,1
"615",1,60.5766417094298,63.5683685227542,55.9074001163935,1,1,2,0
"616",1,58.2514972776828,42.128644050703,46.8263971583737,1,1,0,1
"617",1,49.2980577569464,46.1520132770281,42.9734835956583,1,0,0,1
"618",1,45.4635362594299,53.3068056025194,36.3241219840402,0,1,0,0
"619",1,65.7530770683749,44.4537954993717,42.7119275108017,1,1,0,1
"620",0,29.9454218176375,51.2157231482045,48.7847507435708,1,0,0,0
"621",1,43.5680520840634,49.5240388302164,43.6479395112681,1,0,0,0
"622",1,35.6315655634222,42.2374840943332,55.9470268812058,0,1,1,1
"623",1,63.9531343894608,58.3144125113831,53.6750123089776,1,1,2,1
"624",0,48.0929656735514,58.4630783722297,33.9126156531373,1,0,0,0
"625",0,44.7532880053033,60.241395066572,53.1733184479833,1,0,1,1
"626",0,81.8404447406633,62.6799658618238,55.4170465821794,1,1,0,1
"627",0,49.4996273211237,44.9363821207742,47.3867301008549,1,0,1,0
"628",1,45.5625068813348,45.3551810349169,49.7350423803364,0,1,0,0
"629",0,52.9986525013614,52.6121800049174,45.6776169304627,0,0,0,1
"630",0,34.3157537924503,56.3008097655162,47.0661325721339,0,1,0,1
"631",1,54.9030264267207,46.603738437751,39.9295987463269,1,1,1,0
"632",1,49.0383679892003,45.7665519159952,54.252075996399,1,0,0,1
"633",0,54.6852512253015,43.8172847244535,37.7518340766451,1,0,1,1
"634",1,40.1762936406215,64.8220189072674,44.0953534467288,0,0,1,1
"635",0,39.7701615785206,24.9183364795852,40.8636193086151,1,0,1,1
"636",0,43.0658533672382,48.3242196621612,41.2908228564333,1,0,0,1
"637",1,42.3201042690722,50.3821287705353,46.3144436020643,1,0,2,1
"638",1,62.9904996668359,39.4039039700643,45.1474748390724,1,0,0,1
"639",1,65.7914556180809,53.8542589482064,43.0003812081797,1,1,0,1
"640",0,48.4310804696093,30.3291231618989,47.4656610321738,1,0,1,1
"641",1,46.4106343941532,59.5496886111192,34.1510239192082,0,1,0,0
"642",1,46.7096116957833,33.366394151294,51.1103836752132,1,1,0,0
"643",1,50.6923647785302,27.9726511990297,56.3184615895685,1,0,1,1
"644",0,50.9690423370105,42.3643617420797,37.1690130796609,1,1,0,0
"645",0,52.9003438776557,51.6208039391232,35.8689937840699,1,1,1,0
"646",1,42.5332105895374,43.4843283523584,72.3199711011046,1,1,1,0
"647",1,41.5310361117968,44.4071300472238,52.3950724081272,1,0,0,1
"648",0,61.9707766374608,53.3320497505778,50.531929269048,1,0,0,1
"649",0,44.5137263889668,39.4109907851155,48.0149254442298,1,0,1,1
"650",1,53.0304569522545,49.1415045423953,54.9264776112074,0,1,1,1
"651",1,49.4302946619667,54.9793299292939,50.3724106109323,1,1,0,0
"652",1,40.4215060784933,66.3398965670861,44.5408804764327,1,0,1,0
"653",0,55.9106190941151,54.794518812402,45.6752393297796,0,1,0,0
"654",1,51.7310487349295,67.1476299216676,46.5551529366645,1,0,1,1
"655",1,63.9978335621251,54.5316003352972,46.8033060422758,0,0,2,1
"656",1,51.1745958462699,49.9675887317464,42.4830112640303,1,0,2,1
"657",1,46.6845424179915,27.4346514375061,60.7410152344092,0,0,0,0
"658",0,52.7829491330536,37.7534144806936,50.9382215565949,0,0,0,1
"659",1,38.1440835096466,46.8103737626178,42.2693317051176,1,1,1,1
"660",0,41.641059466064,57.1227045585378,55.9124873494842,1,0,0,1
"661",1,55.1027325113943,46.7748642682183,53.5022847867813,1,1,2,1
"662",1,46.6687909877605,55.4364862125484,48.6242041881709,1,1,0,0
"663",0,49.3403905364754,39.3618864816126,54.0088186704007,1,0,0,1
"664",1,48.8477829057805,47.2587028264944,40.9362100471556,1,1,2,1
"665",0,43.4948738122547,52.1700603247715,48.0115974743793,1,0,1,1
"666",0,29.8131134091758,46.4061428183439,40.0084529567278,0,1,2,0
"667",1,53.4883497017659,51.1283169498315,38.161895655764,1,1,0,1
"668",0,57.6163950764686,43.2925197394674,46.6860134981831,1,0,2,1
"669",1,37.1128376464987,53.743452232595,51.6802480124848,0,1,1,0
"670",0,64.8240271845861,49.1894510748874,40.8699446931649,1,1,0,1
"671",0,53.8515482368723,49.5295065334687,48.2494187171554,1,0,1,1
"672",1,63.4164029499387,30.5121291355385,31.6955387911376,1,1,0,1
"673",0,40.4282952875771,43.2633141872126,45.5326274806527,0,1,0,0
"674",0,51.6678128835425,35.1035591510175,61.706672747261,1,1,0,1
"675",0,48.9998604106119,33.942819423797,38.4858410232027,1,0,0,1
"676",1,57.6850743188178,45.0611689915476,38.0706797995331,1,0,2,1
"677",1,44.2414043208731,48.392016322544,47.8013854149291,1,0,0,1
"678",0,49.8990232804754,52.8360022580062,55.3467073298313,1,0,0,1
"679",0,32.2134085125605,60.9126265030032,62.3610916552029,1,1,0,0
"680",0,42.223785571295,54.4440029692258,76.5374072860382,1,1,0,0
"681",1,51.2503388366511,60.1207034075848,58.0089323807475,0,0,0,1
"682",1,42.9367850761178,44.7368971236547,56.7145352655366,1,0,1,1
"683",1,49.5643051418852,46.9215982681121,70.2792411706594,1,1,2,1
"684",1,45.3207402607478,60.8516888442625,46.9907569613054,1,1,0,1
"685",1,56.0693013616149,50.012071839381,47.8665059448933,1,0,0,0
"686",1,61.6848830874956,33.1975528431663,52.5327014961245,1,1,0,1
"687",1,41.7749858719248,41.5344448090787,35.7991195515947,0,1,0,0
"688",0,46.9296344140527,60.0759205983273,31.6456334457201,1,1,1,0
"689",0,64.3976125836974,43.8926274232254,68.0678937403827,1,0,1,1
"690",0,28.0107674581629,53.3344413277712,44.2500425748962,1,1,2,0
"691",0,46.8016220825927,50.1422269568065,45.4211914320695,1,0,0,1
"692",1,70.6470428414334,45.0364239265034,40.0704423401056,1,1,0,1
"693",1,71.9359006906425,46.4921360759362,51.44072596666,0,0,1,1
"694",0,51.5659532335015,53.9172054785809,55.9114052243569,0,0,0,0
"695",0,41.3639104938636,52.0957882889224,47.7138876212659,0,0,0,1
"696",1,51.6545741949044,62.3467013989917,50.1470469354737,0,0,0,0
"697",0,43.4722560405298,48.0018021556506,59.5139291492873,0,1,1,1
"698",0,64.5281728229148,40.7679195797332,49.8923192298621,1,1,2,1
"699",0,41.9351734429695,51.6590310157944,44.38656527823,1,1,0,0
"700",0,53.7291159520875,57.0533455324418,49.3938991855349,0,0,1,0
"701",1,56.1985007456869,72.81966955727,41.57673653952,1,1,0,1
"702",0,42.4248983930415,45.3631698689627,51.0188808363953,1,1,1,0
"703",0,58.5152468150618,46.7364642809173,41.0207421585165,0,0,0,1
"704",1,42.5207002908369,58.8249321039795,63.9392544527667,1,0,0,0
"705",0,56.3023982965398,62.8128612650446,25.1347609561904,1,1,1,1
"706",1,60.9666163310355,43.4131814339502,54.0129413581068,1,1,0,1
"707",1,40.1155707761679,56.6457045494441,45.1197277703909,0,1,2,0
"708",0,61.079950409796,44.3484248595766,69.871488081498,1,0,1,1
"709",0,45.1046712878759,40.3782172975776,47.6553656931269,1,0,0,1
"710",0,52.9435338843697,56.2336090190026,54.8183736039939,1,0,2,1
"711",1,52.0183747228877,51.0649777220107,53.8689396920434,1,1,0,1
"712",1,45.728036136618,53.8933087814222,52.4767240933678,1,1,0,1
"713",1,52.6810286999779,44.1949650327805,55.1811983535065,0,1,0,1
"714",1,37.6956907457616,67.9497795592676,69.9741373388409,1,0,0,1
"715",0,48.6386312781504,56.6528800904771,59.2750882368067,1,0,0,1
"716",0,58.2579083166517,46.2559757434797,51.9642414887758,1,1,2,1
"717",0,28.2587535077069,57.0274893101046,67.9026621898744,0,0,2,1
"718",0,35.1207381264175,37.8548561610632,55.8319774918996,1,0,2,1
"719",1,38.3806244240303,48.6224987305077,56.5033359910166,1,0,1,1
"720",0,34.1091030585457,64.0335789868052,62.450301486185,1,1,0,0
"721",0,54.1958303929636,48.1116068839566,51.6110662601997,1,0,2,1
"722",1,40.0707165024399,59.1049037199555,57.2549069145764,1,1,1,0
"723",1,28.3545291467103,47.7807799981009,47.2551978186773,1,0,1,1
"724",1,43.6243123491955,27.0197359969378,51.2483606539615,1,1,1,1
"725",1,46.0936474852519,41.197874544339,50.3964262732746,1,0,0,1
"726",1,58.5678547377811,52.2273568903497,43.6026696246771,1,1,1,1
"727",1,38.9624786400117,64.4655271093401,70.3465321892986,1,0,1,1
"728",1,61.612892557387,44.0659787499917,44.4110240061116,1,1,1,1
"729",1,53.983627156286,52.7597901138255,46.4422058932798,0,1,0,0
"730",0,53.6235215763554,40.3518071052043,63.2441739035745,1,1,0,1
"731",0,41.474743296855,39.835437586662,49.7937777077102,1,0,1,1
"732",1,69.5366787989804,42.2268335658318,61.6812642718924,1,0,2,1
"733",1,48.3572916790284,63.6906206733358,43.9264287908519,1,1,0,0
"734",1,31.7510241582167,59.403100899109,49.8715834069456,1,0,0,1
"735",0,47.961435286075,55.936651573177,47.4906312157358,1,0,0,1
"736",0,30.6555592926795,61.1546255343648,40.3088635959334,1,1,0,0
"737",1,46.8948988421333,45.7557500326649,46.9668804663299,0,1,0,1
"738",1,45.7777299681038,57.5957693689312,43.4473286033482,1,0,0,0
"739",0,56.8182969040341,52.0962927787155,58.5744732494705,1,1,2,1
"740",0,60.0949618573749,39.5089907518718,47.0901641697637,1,1,0,1
"741",1,42.7389503509885,41.6893777771826,49.172187955557,0,0,2,1
"742",0,58.0610886837503,50.5005293191915,41.721553071952,1,0,2,1
"743",0,64.2432310966876,52.0563006149654,52.1519900561093,1,0,0,1
"744",1,42.1585599515735,46.7864158133902,33.8806364309637,1,0,2,1
"745",0,43.4759563350067,40.0350875621346,20.5012821571677,0,1,1,0
"746",1,56.5077836315368,29.0910805951084,68.8010634326583,1,0,2,1
"747",1,51.8304796994394,54.252354794411,57.572616974227,1,1,2,1
"748",0,55.4877496044428,47.047282908629,56.3472863406044,1,1,1,0
"749",1,64.0468429454756,55.4916088318128,27.6349173419701,0,1,2,1
"750",1,53.870831195764,34.5410818674984,56.7712911702719,0,1,1,1
"751",0,60.5170127017537,37.4666406468756,55.1981427057805,0,1,0,0
"752",0,56.2290546233719,48.8866812532803,49.2234495860005,1,1,0,0
"753",0,54.3362038980885,35.871864643683,58.2503876265375,1,0,2,0
"754",0,53.8608443818441,30.1704614927929,61.205690307062,1,0,0,1
"755",1,62.9132330445808,57.8359540783357,48.7783640081305,1,1,0,1
"756",0,39.9774012628935,59.0086933974953,69.4533707765883,0,0,2,1
"757",0,38.9481727084251,39.700363579955,59.883626994998,1,0,1,1
"758",1,55.9194600339721,47.2794273143341,62.2438538128579,1,0,1,1
"759",0,48.8031033586689,38.6602709482875,46.8488238516736,1,0,1,1
"760",0,50.7400521168496,53.1642691675298,48.688771443385,1,1,1,0
"761",1,57.412773771714,49.7032169899801,40.774145775461,1,0,0,1
"762",0,57.5329504784908,41.3053954904063,54.0736908548036,0,0,1,1
"763",1,47.3732949663822,42.2578245610381,52.6401143438051,1,0,0,1
"764",0,46.874561310029,39.379188065718,50.9128355394166,1,1,0,1
"765",1,50.7359860900787,54.3637426219254,43.1931257113425,1,1,0,1
"766",0,60.6301778929474,55.710088478141,47.6803050486902,1,1,1,1
"767",0,54.26020486679,53.7647489441589,69.8511178276459,1,1,0,0
"768",0,64.3300751082319,41.5711030258402,40.7084064289477,0,1,1,1
"769",1,49.9236312958003,32.1383037176473,45.939097673738,1,1,1,1
"770",1,61.2566760522075,55.3087566315447,35.9656744618754,0,0,0,1
"771",1,58.8300231101725,48.2294105260568,37.5927093242407,1,1,1,1
"772",1,56.1208346090007,49.606076500285,47.1323479856481,0,1,1,1
"773",1,54.1470070677846,60.3212798487339,46.0871269821292,0,0,2,1
"774",1,47.2011760285748,41.064841655984,43.8309843576743,1,0,0,1
"775",0,48.9096249083077,61.4401532568501,42.2615569046712,1,0,1,1
"776",0,52.2939549570847,45.8680850478707,48.0337307678103,1,1,1,1
"777",0,50.4888889067929,42.8681217824399,61.3402054312043,1,0,0,1
"778",0,59.4322446838622,47.9425385618243,46.4219881447332,0,0,1,1
"779",1,48.9068287681357,53.9001972884285,37.167961363769,1,0,0,1
"780",1,49.2962307841217,47.9278435474428,39.3094819549931,1,1,1,1
"781",0,45.1568091243434,40.9949277945214,29.9565235092887,0,0,1,1
"782",1,48.6166367145667,47.1837572120922,32.8948367778193,0,1,0,0
"783",0,49.3123435769616,24.5806889886202,42.5257981723703,1,0,2,1
"784",1,26.8626422610058,44.9148831812756,40.2358453876562,1,0,0,0
"785",1,36.3516830278568,54.5596621753903,38.5097388939888,1,1,1,1
"786",0,49.2751309004804,48.3074022546791,69.8924365380742,1,0,0,1
"787",0,47.347162251355,56.8832772226123,67.511310826985,0,1,1,0
"788",0,37.9913067179256,54.8598243397446,75.6440930061295,1,0,0,1
"789",0,30.0846182395698,56.4564674635559,57.7649590154134,0,1,0,0
"790",1,46.4563078008657,56.5604494502548,48.3875145516074,1,1,1,0
"791",1,56.5349576569428,32.6141923862573,39.5673930554938,1,0,2,1
"792",1,67.7323863192756,50.0415968001844,38.9923373786379,1,1,1,1
"793",0,49.6154320629066,66.3006733460683,45.0312605252922,1,1,0,1
"794",0,64.9318484062772,45.1951477295558,62.8052092659645,1,0,2,1
"795",1,50.8302215763597,54.5280244242056,56.6647056233911,1,0,2,1
"796",0,51.1553210425956,51.4339373097994,58.8950019727232,0,0,0,1
"797",0,53.2482531334875,55.5701222518802,48.1287857226339,0,0,0,0
"798",0,41.2942275473908,47.2796988282949,34.4636365707409,0,1,0,0
"799",0,49.4828178710512,43.51700703484,53.2640267177958,1,0,0,1
"800",0,59.0844769879225,50.7196084436564,47.853880279355,1,0,0,1
"801",0,42.5027421314781,52.0781483070341,46.9604169285067,1,0,1,1
"802",0,46.7839393011204,48.1466771031614,71.8417322839228,1,1,2,1
"803",0,38.5222924954075,50.3144066502645,58.6969128321855,1,0,0,0
"804",0,53.5435219644935,54.1135193369078,47.7159379631268,1,1,1,1
"805",0,54.2479978238902,42.2381610953754,30.9655358047668,0,1,1,0
"806",1,56.4834735122408,61.3967765719806,47.1335852927624,1,1,0,0
"807",0,37.801899684831,72.0076027074659,59.9038892010019,0,0,1,1
"808",0,51.0723503475476,64.7720532873484,53.7282099271425,1,0,1,1
"809",1,40.5594230835015,45.4558214929243,52.7210736801552,1,1,1,0
"810",1,49.9961535128398,31.7711273096755,60.4509363912809,1,0,0,1
"811",0,63.4262392000608,50.541979571096,48.3099001278518,0,0,0,1
"812",1,44.9647471306572,58.8027322060407,46.5419797478324,0,1,1,1
"813",0,57.1668332093883,57.7810669793567,47.4603386633103,1,0,1,1
"814",1,42.503314159163,37.7025322528826,57.345129274607,0,1,2,0
"815",1,45.2147178954969,38.8685148925659,47.3065186903568,1,0,0,1
"816",0,54.3872175058662,51.3374463487764,57.6030114243906,1,1,0,0
"817",0,43.2088772954213,56.2608134537685,37.718163806414,0,0,0,0
"818",0,32.9703516485456,58.7293166385546,37.2893497861798,0,1,2,0
"819",1,62.6516843521333,58.1639197893896,51.2738360830644,1,1,0,0
"820",1,53.6035723787985,40.3202450803351,57.6038315798803,1,1,0,0
"821",1,44.1636055943991,36.8739494380001,45.923470839778,1,0,0,1
"822",0,30.059212126694,29.8748022204072,44.2257865508196,1,1,2,0
"823",1,69.022097713993,55.0493269772782,21.6062383309111,0,1,0,1
"824",1,83.9037082127154,58.2811156576943,53.7432087422096,0,1,1,1
"825",1,52.0748040735546,53.3585068882504,40.9714502125719,0,0,2,1
"826",0,58.4980664751119,39.4087555398869,54.0257490618307,1,1,0,1
"827",0,62.2456031207416,65.6771674994935,64.272117229534,1,1,1,0
"828",0,42.9819556646139,46.2985337563661,45.0408095407267,1,1,0,1
"829",0,46.4880377044346,67.7903836149569,56.9672538155388,1,1,1,1
"830",1,32.728789633548,55.5140200508058,48.4745422670237,1,0,2,1
"831",0,42.6342176772813,61.9031064508552,53.6860463571166,0,0,2,1
"832",1,56.2240978288611,53.3060222629441,38.4420061472044,1,1,0,0
"833",0,47.0928401075913,49.3534777190012,54.1782359492811,1,1,2,0
"834",1,47.8578846581692,39.8745193162679,63.0496154444897,1,0,0,1
"835",1,48.8744044849748,44.4148580980864,67.9671185562111,1,0,2,1
"836",1,31.363330175044,49.5289216372357,38.1261934514292,1,1,0,0
"837",1,58.3762993423167,52.8207406798504,55.3368500835722,1,1,0,0
"838",1,35.5650711106458,49.667807876689,44.9197582923425,1,0,1,0
"839",0,47.9142983758435,48.2202801090658,55.2272062810372,0,0,2,1
"840",0,45.6143653794117,51.8348551694206,48.2153613754357,0,0,1,1
"841",1,47.814061831438,44.7562795740248,47.5196673439849,1,1,0,1
"842",1,64.5996594473579,44.6406254366049,56.8209949673972,1,0,1,1
"843",1,44.1794008208463,35.4429529834398,57.4620152673584,1,1,0,1
"844",0,42.169024042881,58.4627147026801,52.7907703778607,1,0,0,1
"845",1,34.8034600505616,50.4693236800152,54.6404938204628,0,1,1,1
"846",0,41.9430191838875,49.1637576657265,53.7846041253329,1,0,0,1
"847",1,38.3381529263226,42.5908138522508,52.7837400155299,1,1,1,0
"848",0,54.079461962483,47.5222613609759,50.9123016010695,1,1,0,1
"849",0,41.3699575399212,39.132171442987,59.1561022576483,0,1,0,0
"850",0,53.0404203502814,39.5070264764725,57.0989929225534,0,0,2,1
"851",0,48.5357251215208,30.810482282934,57.9393283857202,0,1,1,1
"852",1,35.664378200892,59.8169877264844,61.069684984941,0,1,0,0
"853",1,42.093922142773,51.259640821453,55.4933733301455,0,1,0,0
"854",1,58.8511245505768,38.8322362444557,48.4700167130533,1,1,2,1
"855",1,59.0307608595457,61.637866037459,39.1052957675474,0,1,0,1
"856",0,70.0557327430063,56.2459168336912,45.1196754619841,1,0,1,1
"857",1,49.9641969160022,57.4238227458466,41.300450826992,1,1,0,0
"858",0,35.0417318601786,47.7422943305718,47.0149141302475,1,0,0,1
"859",0,42.3158297298484,45.7712799341434,44.7470542735961,1,1,0,0
"860",1,54.0848850484015,49.0194709799351,48.0331418412305,1,0,2,1
"861",0,69.0013633489472,54.0469065623758,39.7610008172575,0,1,1,0
"862",0,51.1000912343972,57.9991460664112,43.7769788342605,0,0,2,0
"863",1,61.4038682512847,65.8946914995693,53.5558715707793,0,1,0,0
"864",0,57.6808130469226,44.9092959586273,52.1360595350262,0,1,0,0
"865",1,38.3190837788267,39.8443525184852,45.9593031842786,1,1,0,1
"866",0,48.2888734773514,51.0085866561043,60.1282233205102,1,1,1,0
"867",0,63.0526153634768,80.2210418529039,33.5887055866693,1,1,1,0
"868",0,58.7609610959591,45.713841549163,54.8275860856042,1,0,2,1
"869",1,54.637961415678,61.4568121778476,65.6983056712062,1,0,0,1
"870",1,54.7711424537688,47.5690179041491,45.9215224175138,1,0,0,1
"871",0,45.085946997906,45.2145676223612,53.8758491804085,1,1,1,0
"872",0,36.806146866558,42.8958287779244,44.4171199667572,0,0,1,1
"873",1,62.9542579083131,47.887553722824,49.7798496375991,0,1,2,1
"874",1,35.7978050833307,66.4178447087543,58.156034621224,0,1,0,0
"875",1,40.6110408029417,53.0184672056344,40.8598551860644,1,0,2,1
"876",1,56.2896499251984,54.8732912321529,44.4517920225086,0,1,0,1
"877",0,37.378054506104,58.3873579243226,55.3222334738485,1,1,2,0
"878",1,44.4812958672721,70.71741512886,54.1570968972446,1,0,2,1
"879",1,38.1720049321752,57.7561884207953,58.0685918181231,0,0,0,0
"880",1,56.2066355772895,35.7288864704807,62.5274819689651,1,0,1,1
"881",0,54.463130166381,39.6648866453385,57.6985274178152,1,1,0,1
"882",1,54.2188469327369,34.1054488640818,39.2236739278681,1,1,0,0
"883",1,54.4246477214564,21.5145323010621,51.5378136654396,0,0,1,1
"884",0,55.5724574637894,62.907339277926,46.0091257975104,1,1,1,1
"885",1,56.3935649197052,45.0627612571759,49.9414250188721,0,0,0,1
"886",1,30.3133844332578,53.9497067770602,59.1736235538914,1,1,2,0
"887",0,48.5118363864013,61.8161785314391,52.7615544386934,0,1,2,1
"888",0,51.124638125519,44.8816730541953,51.5518836020889,0,0,1,1
"889",0,57.2467620264776,48.6503235133778,48.7988525460222,1,0,0,1
"890",0,38.1251392399471,53.5025617952445,53.9701850485698,1,0,2,1
"891",1,45.0039981018409,52.2587922181762,38.2137481144186,1,0,1,1
"892",1,39.2635700924884,42.256847504119,45.7845197599288,1,1,0,1
"893",1,60.5724021270968,57.3081561000659,66.1657603604283,0,1,0,1
"894",1,62.7907258320933,55.4563552824247,56.161228432977,1,0,1,1
"895",1,57.8767672535923,47.1155070407851,40.382059732352,0,0,0,1
"896",1,37.7759661742301,37.77619089141,37.7144334065073,1,1,0,1
"897",0,54.5195211673665,56.3333359556859,40.4066974641071,1,0,1,0
"898",0,61.5044918638092,64.27519655915,55.801568565633,0,0,0,1
"899",0,51.6794098073646,63.8051749338936,54.3315896458261,1,0,0,1
"900",1,44.3389066710403,58.7263456679534,44.3141769685888,0,1,2,1
"901",1,39.1388175938865,45.1686493134773,46.3131565910107,0,0,2,1
"902",1,43.3469720443984,44.6865308050945,59.7822806952561,1,0,0,1
"903",1,57.1484835594934,44.123152434141,46.9292639003398,1,1,0,1
"904",1,45.6833889961807,45.883021310125,49.4159072015483,1,1,0,0
"905",1,52.2761493994009,57.0918562125338,53.5253374715868,1,0,0,1
"906",1,62.949457956703,52.5639675353566,48.1767236949111,1,0,1,1
"907",1,55.7833494046945,31.436394136952,42.649735955972,1,0,0,1
"908",1,63.6467278147354,31.3941237018555,45.8705872484359,1,1,1,1
"909",1,32.9842019733959,49.7716590626565,39.1899956480132,1,0,2,1
"910",0,47.1932372028621,51.4993874728104,54.6931261600767,1,0,2,1
"911",0,50.6506801949219,26.9252565796471,63.3204012251754,0,1,0,0
"912",0,55.7858929160851,41.8355277418789,52.442626358691,0,0,0,1
"913",1,38.3079337847103,50.2756115169668,58.1272922619384,1,0,2,1
"914",1,58.0618485544729,64.6178591517648,43.4886497506567,1,1,2,0
"915",0,53.0739007616233,29.8713127167772,48.5969122373643,0,0,0,1
"916",1,52.6380601360472,37.4455572201802,48.6388784340639,1,1,1,1
"917",1,55.0848479160505,39.1969315278178,35.6935937490079,1,0,1,1
"918",1,48.8364156012301,51.7539607864885,50.8889294253109,1,0,0,1
"919",0,59.2554609849911,53.3083922141425,54.7923725896901,0,0,2,1
"920",0,56.4822977373149,46.7931076869961,56.834064555388,1,1,1,1
"921",1,48.497906258323,33.8767131205001,63.156540407747,0,1,0,0
"922",0,60.403770193407,43.6944758313568,35.273505632225,0,0,0,0
"923",0,52.9255868494618,44.3951401334411,56.1765145902061,1,1,2,1
"924",1,56.6875139943946,47.9741871558298,57.170740728326,1,1,1,1
"925",1,44.0582235837578,66.2288518113168,47.8997419197522,1,0,2,1
"926",1,65.8043183698592,43.23229469562,56.0245933274862,1,1,2,1
"927",0,49.9601105565002,50.7626440513869,35.854675252583,0,0,2,0
"928",1,58.4784276889348,42.9460165837309,52.1439467394077,1,0,2,1
"929",0,48.9988347410731,37.5977215095608,18.7091180860829,1,0,0,1
"930",1,47.203700930194,56.359478978686,53.1205830314547,0,1,2,0
"931",1,57.8443824528001,39.4937132034725,66.0156345500434,1,1,0,0
"932",0,34.1538335540883,77.3520918962219,65.4198702770824,0,1,0,0
"933",1,54.7836614779403,50.9256293782721,23.403306202641,1,1,0,1
"934",1,53.9356637299481,50.6025357607868,55.3502684268414,0,0,0,1
"935",1,23.0467063087548,49.3345478898914,46.5027900565302,0,1,1,0
"936",0,53.6837732853326,68.4364554004006,49.7499194190354,1,0,1,1
"937",1,28.3158225265299,56.639271104036,27.838665442865,0,1,2,0
"938",1,56.5980437689272,47.4900935625203,53.8504050117514,1,1,0,0
"939",1,45.4608626661881,38.3381019338916,44.7327931225712,1,1,0,1
"940",0,43.0506317476511,39.6127223928256,53.7388948889887,0,1,0,0
"941",1,49.9315369682733,42.1501069466269,48.0878179964338,1,1,0,0
"942",0,63.7305204498399,62.1494843097831,39.7456244462772,0,1,1,0
"943",0,43.6467692278211,48.110184242291,53.3319633610716,1,0,0,0
"944",0,55.5810329394878,42.4280137732017,55.9506907131114,1,1,2,1
"945",0,53.4115786842188,57.9205947788027,50.5431928743073,1,0,1,0
"946",0,38.2048137085844,63.4518001902217,55.6710158743808,1,1,1,1
"947",0,32.5897798266603,43.0546851592868,45.3598937126402,1,0,2,0
"948",0,30.0741422876086,45.5506745595763,62.8480081505999,1,1,0,0
"949",0,55.5127421146789,53.4528418672379,46.4202771819434,1,0,0,0
"950",0,49.652579384687,49.9515556346403,44.2034811015405,0,0,2,1
"951",1,68.5057170361062,54.0636647148478,60.4159278248064,0,0,0,1
"952",0,55.7367510826304,67.1419852577143,61.1488218107788,0,1,0,0
"953",1,58.4969589108261,49.3961344587904,56.8065563710108,1,1,2,1
"954",0,63.3438358533495,47.1929773246576,52.205066599261,1,1,0,1
"955",0,44.9928090203503,54.8541446089446,65.948859846481,1,0,2,1
"956",1,55.1009792822849,49.5065547026004,39.893591060865,1,0,0,1
"957",1,58.6879327024415,56.2776506153279,61.377699929415,0,0,1,1
"958",0,63.6935168800303,47.7602884857974,67.1439383448494,1,0,1,1
"959",0,57.6265114632637,54.4352271440111,50.5460957413673,1,1,1,0
"960",0,54.2114717303733,34.3625929243211,55.857220039454,1,1,0,0
"961",1,41.3177595272878,50.1390365830339,56.0970219364264,1,1,0,0
"962",0,57.2956036095769,44.8378401271632,61.9358200831037,1,1,0,1
"963",1,55.0026587241829,38.0945742448247,41.4118957337923,1,1,1,1
"964",0,56.3425025370691,45.8693079216297,58.9570619334897,1,0,0,1
"965",1,54.2364504557226,53.7199494542291,32.9105293383107,0,1,0,1
"966",1,47.9816195529,50.9234296402046,70.7690354539009,1,1,0,1
"967",1,49.2313410156599,56.9348376252113,44.2866024070455,1,0,2,1
"968",0,56.8736411328152,59.4089924315355,46.838090345133,0,0,0,0
"969",1,51.7163150692454,58.2846402972786,52.5888517664979,1,0,0,1
"970",0,41.6989142567301,46.7551082352465,37.4968793979633,1,0,1,0
"971",1,47.0984088019433,36.7184380194294,47.3710515676401,1,0,0,1
"972",0,36.8087427582349,47.1966503008764,50.6148744046557,1,0,0,1
"973",1,40.3296809733109,61.6965543651082,46.6003251182191,1,0,1,0
"974",0,48.5538892986448,48.7852363509193,70.2629406134448,1,1,1,0
"975",0,32.0186744362507,33.6270834895488,32.1323934904356,1,0,0,0
"976",1,33.1145752540842,54.9138322286978,48.9461158435809,0,1,2,1
"977",1,61.0256519943608,52.8181931069337,61.7884728859329,0,1,1,0
"978",0,44.2338107578856,45.9939664480782,41.6383519553646,1,0,0,1
"979",0,31.4830827044851,51.73361502856,48.6104887819401,1,1,0,0
"980",0,48.8713676057102,63.6938766954533,69.4328489677314,1,1,1,0
"981",0,63.2106926722151,62.9919609375684,31.3265440234961,1,0,0,1
"982",1,56.6225429693464,45.4370310645454,41.9640213484192,0,1,1,1
"983",1,54.4138319835364,50.1066486185806,38.0159143742194,0,1,1,1
"984",1,61.8374591227984,35.4591085506576,56.2952138428992,0,0,1,1
"985",1,42.2849855889911,42.7224667403126,41.3387147703942,1,1,0,1
"986",1,57.2968919135204,70.0824039746518,54.6780560296681,1,1,2,0
"987",0,44.1291438422114,64.9800968551095,43.5419361779343,1,0,0,0
"988",0,50.0076418636251,47.7074527471687,48.4747444034152,1,0,2,1
"989",0,72.1446531934013,43.0753485469723,58.5621487937664,1,0,0,1
"990",0,59.6943439570926,36.333767028316,51.3700375362853,1,0,0,1
"991",0,57.6800771371721,71.260518537637,30.5929454603365,1,0,0,0
"992",0,38.9167208818184,51.1462972483847,44.6411253253878,1,1,2,1
"993",1,42.1376408000529,44.0605109063288,57.1359509767663,0,0,2,1
"994",0,72.841164802616,60.7806733795125,68.6014831963883,1,0,0,1
"995",1,39.0669923602669,39.0041416714109,38.8517385502495,0,1,0,0
"996",1,52.1447937528507,57.2656419760645,47.7137896391047,1,0,0,1
"997",1,58.9257105963707,64.408703022386,49.1841012014512,1,1,2,1
"998",0,60.1875797234226,47.8982984037834,42.6743351263783,0,1,0,0
"999",1,60.8911201091924,64.5128094388337,36.1736717694424,0,0,1,1
"1000",0,48.3687101011479,56.4155143140925,68.3879660034406,1,1,2,0
